2.258772015503777,-0.010756791781755703,1558289269.150469,0.36800
2.6333363345012115,-0.010688155789150389,1558289315.9118688,0.36780
2.5446560353901884,-0.011488678935268115,1558289358.0972934,0.36800
2.692772412421806,-0.00870854062682247,1558289472.7360456,0.36787
2.3990021673744955,-0.011287472337644155,1558289510.8971589,0.36900
2.5898320925816734,-0.011475414697776298,1558289573.6644804,0.36898
2.6425697713806993,-0.011442898841751536,1558289583.0760386,0.36796
2.487128500747181,-0.008817782467342716,1558289592.1987565,0.36899
2.8846343655216904,-0.008971313717485663,1558289597.298284,0.36898
2.8012153700733604,-0.009056726910418755,1558289624.0585856,0.36899
2.300606933304308,-0.009905707003079411,1558289689.063856,0.36899
2.3167806611762285,-0.011016093575403452,1558289716.36839,0.36833
2.3167806611762285,-0.011476918575832662,1558289716.9099822,0.36833
2.262154163148862,-0.011285030208423752,1558289744.9678683,0.36899
2.4615633997198456,-0.011512794327947717,1558289807.263337,0.36832
2.441357532883657,-0.011047879863409105,1558289834.7992115,0.36832
2.00344670717762,-0.011410419564281904,1558289967.9389803,0.36899
2.1750045939298013,-0.008198256944145055,1558290032.5564253,0.36820
2.124523435895211,-0.009290390278892835,1558290042.6714675,0.36820
2.124523435895211,-0.009477899535548562,1558290045.9630005,0.36820
2.510978989474169,-0.009529038425675707,1558290051.0333796,0.36820
1.9972132081523597,-0.009614269909220985,1558290057.5495634,0.36748
2.105261838543495,-0.009716447685904406,1558290072.7912898,0.36762
2.105261838543495,-0.009716447685904406,1558290073.3206606,0.36762
2.149692266007262,-0.011055121585646865,1558290085.138172,0.36763
2.6223925074900434,-0.011259357698137018,1558290099.3807876,0.36700
1.9627642677384924,-0.011497432233812055,1558290120.5907896,0.36606
1.137516669363523,-0.011219932407634525,1558290261.7122905,0.36632
0.8434752031265564,-0.009853254859368998,1558290270.5749311,0.36632
0.853961171527829,-0.010005888192844481,1558290314.9550273,0.36580
0.8680260072238838,-0.010871674825561506,1558290358.62377,0.36709
0.8680260072238838,-0.010631517652438305,1558290360.5781834,0.36716
1.2286874601487934,-0.011238505384014552,1558290419.5864909,0.36581
0.8797664715980089,-0.01129521735934319,1558290621.1941152,0.36743
0.8920873660950612,-0.007717015162346019,1558290636.4560206,0.36748
0.9273815816680219,-0.007972192244728782,1558290680.4019072,0.36602
0.9273815816680219,-0.007972192244728782,1558290680.9304953,0.36602
1.4370798885378262,-0.0089899599534346,1558290709.36161,0.36609
1.4370798885378262,-0.009481422686163088,1558290709.861962,0.36609
1.4370798885378262,-0.009481422686163088,1558290710.3895354,0.36609
1.4238728535548106,-0.009481422686163088,1558290725.3825314,0.36602
1.4786449100342185,-0.010922839815266816,1558290799.1060293,0.36738
1.438618985511095,-0.009027847917934373,1558290809.9577408,0.36619
1.438618985511095,-0.009027847917934373,1558290810.4775681,0.36619
1.438618985511095,-0.009027847917934373,1558290810.9867108,0.36619
1.438618985511095,-0.009214636576306612,1558290813.4638162,0.36619
1.442797172111881,-0.009265496299760256,1558290854.0568976,0.36738
1.4406946119760433,-0.00996170856734574,1558290891.3023205,0.36738
1.6922041395641425,-0.010591016898097105,1558291009.3064983,0.36738
2.5566526869448243,-0.00985673952657029,1558291015.766192,0.36738
1.1483298760505736,-0.010359304746153597,1558291132.0940402,0.36738
1.2574198144679205,-0.011000845486611566,1558291148.551963,0.36738
0.7789336644572478,-0.010151394678272252,1558291222.8311307,0.36738
0.762819499362194,-0.011237129628778153,1558291282.6183803,0.36719
0.762819499362194,-0.011339310183724194,1558291283.604398,0.36719
0.762819499362194,-0.011339310183724194,1558291284.0911303,0.36716
0.7780071177677422,-0.011356309721172908,1558291356.3405864,0.36677
1.0720379908763522,-0.009977132004828304,1558291408.6421738,0.36678
1.0720379908763522,-0.009977132004828304,1558291409.2188463,0.36678
1.0818490335813873,-0.010877089181197008,1558291465.929943,0.36674
1.0818490335813873,-0.011282256193091311,1558291466.880799,0.36674
1.0818490335813873,-0.011282256193091311,1558291467.4312828,0.36668
1.0818490335813873,-0.011299234897206023,1558291468.8110693,0.36669
1.0958840399629206,-0.011333187212843043,1558291478.6024654,0.36669
1.11670239274873,-0.011482111692058372,1558291483.4684532,0.36668
1.11670239274873,-0.011482111692058372,1558291484.015126,0.36657
1.11670239274873,-0.011483633216315792,1558291487.0370479,0.36610
0.8688462237365644,-0.011492834841275723,1558291582.8980107,0.36694
0.8645332895869379,-0.009333335998219838,1558291620.3766458,0.36692
0.8453477359402521,-0.010291110764015343,1558291675.1971703,0.36600
0.8453477359402521,-0.010291110764015343,1558291675.741237,0.36600
0.8737767316811097,-0.011406965626255705,1558291766.2774744,0.36600
0.8156430489772039,-0.00949948020744329,1558291917.3385768,0.36600
0.8504983056337286,-0.008870458509045331,1558291951.6091416,0.36629
0.8363342324028199,-0.009463749018462364,1558291957.1230202,0.36643
0.8140027258324655,-0.009672808275975164,1558292003.805994,0.36638
0.8140027258324655,-0.009672808275975164,1558292004.3186247,0.36638
0.7836040778936875,-0.01091714728237253,1558292082.5916138,0.36643
0.7909768866656338,-0.010422080499682185,1558292132.2304451,0.36644
0.7868581821193709,-0.010799134491670748,1558292180.1786692,0.36564
0.7868581821193709,-0.008903057294440908,1558292181.5883594,0.36483
0.7868581821193709,-0.008903057294440908,1558292182.1528218,0.36483
0.9037924220940812,-0.008936875347272055,1558292199.9212937,0.36489
0.8993386707460372,-0.009240925347555273,1558292206.8842826,0.36638
0.8993386707460372,-0.009240925347555273,1558292207.4079995,0.36638
0.9080619442189705,-0.009359418170951483,1558292285.8227818,0.36639
0.8254678796445869,-0.010699437384372457,1558292296.875087,0.36490
0.8376845993727153,-0.010965635936593277,1558292388.1092777,0.36635
0.8566971624287392,-0.0066808260415386345,1558292415.1962118,0.36638
0.8152721511247771,-0.007138782288410861,1558292453.1449003,0.36639
0.7975304345185443,-0.00778334849350476,1558292544.8672645,0.36639
0.7557396223189506,-0.009343898492193525,1558292586.3508866,0.36639
0.8118300817119515,-0.010809667244718268,1558292777.0317495,0.36639
0.7791765736754362,-0.00936981956029126,1558292782.0259311,0.36639
0.7791765736754362,-0.00936981956029126,1558292782.791639,0.36639
1.3193513760203486,-0.009471594559201157,1558292806.0233006,0.36690
1.3193513760203486,-0.009471594559201157,1558292806.545415,0.36695
1.2468417880470195,-0.00986200358576178,1558292845.2771254,0.36695
1.2468417880470195,-0.00986200358576178,1558292845.9573214,0.36695
1.3046024180633218,-0.011109369097130894,1558292862.6270201,0.36695
1.2904289434101166,-0.011398172337745094,1558292869.7333457,0.36632
1.3388204223579567,-0.011475155326546582,1558292885.3414598,0.36788
0.8791079056411705,-0.009091341087028193,1558292911.9941697,0.36643
0.9106249352257604,-0.009550284837455791,1558292963.8457446,0.36787
0.9106249352257604,-0.009550284837455791,1558292964.5511003,0.36787
0.9106249352257604,-0.010451195486047893,1558292965.6229436,0.36788
0.8298196881755302,-0.010468226736460307,1558292992.2404723,0.36788
0.8284629063314181,-0.011171918750970677,1558293008.7738872,0.36788
0.8284629063314181,-0.011461453936028931,1558293010.7189567,0.36788
1.2068562715485804,-0.006548595142629621,1558293102.9657266,0.36591
1.2068562715485804,-0.006548595142629621,1558293103.532217,0.36600
0.9472809411971432,-0.009154089585829861,1558293291.747503,0.36627
1.2094105337520737,-0.010681122686040823,1558293341.0821927,0.36605
1.2125382923980192,-0.010945888425054673,1558293353.236478,0.36700
1.2512856533448176,-0.011149513426429558,1558293372.056013,0.36729
1.2512856533448176,-0.011149513426429558,1558293372.5966122,0.36729
1.2512856533448176,-0.010384241667827754,1558293373.1141865,0.36729
1.2508370341208963,-0.010401245834906259,1558293383.4155989,0.36700
0.7119196884367073,-0.010571220372497303,1558293427.7734358,0.36739
0.704206038781798,-0.011336209952980791,1558293433.3743877,0.36737
0.704206038781798,-0.011336209952980791,1558293434.0526526,0.36737
0.704206038781798,-0.011438259492489,1558293434.5745823,0.36738
0.7147161452438451,-0.011455267594752683,1558293441.1099098,0.36582
0.6906373245753966,-0.009456483162371687,1558293467.41206,0.36737
0.6906373245753966,-0.009897754921646795,1558293471.2365265,0.36738
0.7014462227381294,-0.009965787327137654,1558293480.1060154,0.36592
0.6922253856529752,-0.010118558160613134,1558293493.922935,0.36738
1.2264926138759582,-0.0107566201418976,1558293568.8521395,0.36738
0.8133886604647067,-0.008778290854294435,1558293593.2657385,0.36790
0.8133886604647067,-0.008778290854294435,1558293593.80005,0.36790
0.8133886604647067,-0.009203812150194779,1558293594.5520499,0.36800
0.885621819511762,-0.009220846872829369,1558293626.8453531,0.36660
1.1310171246481284,-0.009920499649222647,1558293673.0902917,0.36800
0.932893244106253,-0.011321373840466109,1558293776.9376137,0.36679
0.7972566597045114,-0.010584260705739701,1558293852.4917655,0.36800
0.811279155375654,-0.0082512175916728,1558293888.5891402,0.36800
0.8407779697313789,-0.008881587963026849,1558293924.2726169,0.36689
1.3610963972991832,-0.010174674479131174,1558294065.7689888,0.36686
0.8439681165638313,-0.007332759260657851,1558294121.423937,0.36800
0.8439681165638313,-0.008268344906508795,1558294124.4902103,0.36800
0.9244772105688164,-0.008336493056307126,1558294144.5263963,0.36800
0.9244772105688164,-0.008336493056307126,1558294145.1319652,0.36800
0.9244772105688164,-0.008677233794588513,1558294146.1923141,0.36800
0.9669497542295059,-0.010119934026721844,1558294155.0985122,0.36800
0.9139617452699026,-0.010273267360198068,1558294159.9282758,0.36800
0.9139617452699026,-0.010273267360198068,1558294160.6423705,0.36800
0.9139617452699026,-0.010375489584895592,1558294164.4111779,0.36800
0.8971177784437138,-0.010426600693674182,1558294166.4870446,0.36799
0.8971177784437138,-0.010426600693674182,1558294167.0590692,0.36800
0.8971177784437138,-0.010477711111578525,1558294168.3297327,0.36800
0.8971177784437138,-0.010477711111578525,1558294168.874059,0.36800
0.8971177784437138,-0.010477711111578525,1558294169.3534098,0.36800
0.8971177784437138,-0.010511785186477773,1558294169.8540714,0.36800
0.9520291565324783,-0.010511785186477773,1558294171.6976116,0.36800
0.9520291565324783,-0.010511785186477773,1558294172.247875,0.36800
0.9520291565324783,-0.010511785186477773,1558294172.7854545,0.36800
0.9520291565324783,-0.010562896295256363,1558294173.2982352,0.36800
0.9520291565324783,-0.010562896295256363,1558294173.8173525,0.36800
0.9520291565324783,-0.010562896295256363,1558294174.4945443,0.36800
0.9520291565324783,-0.0105969703701555,1558294175.0206997,0.36800
0.9520291565324783,-0.0105969703701555,1558294175.622092,0.36800
0.9520291565324783,-0.0105969703701555,1558294176.118276,0.36799
0.9214007281666434,-0.010631044213573082,1558294176.669077,0.36800
0.9214007281666434,-0.010631044213573082,1558294178.4175029,0.36800
0.9214007281666434,-0.010665118288472275,1558294179.76501,0.36800
0.9214007281666434,-0.010665118288472275,1558294180.4697492,0.36800
0.9626697745601884,-0.01071622939725092,1558294181.4382832,0.36800
0.9626697745601884,-0.010716229397250976,1558294183.7428734,0.36800
0.9626697745601884,-0.01076734050959971,1558294186.1423383,0.36800
0.8112919232299826,-0.010801414584498792,1558294186.6954238,0.36800
0.8112919232299826,-0.010801414584498792,1558294187.9351199,0.36800
0.8112919232299826,-0.01083548865939804,1558294188.4645522,0.36800
1.0354758222678564,-0.010835488659397985,1558294196.52655,0.36889
1.0354758222678564,-0.010835488659397985,1558294197.0705905,0.36889
1.0354758222678564,-0.010989007405966644,1558294200.9695103,0.36785
1.045897215611494,-0.010989007405966644,1558294201.520833,0.36778
1.3994539637908998,-0.011057224074285166,1558294419.4998007,0.36662
1.4475077237451228,-0.011143713078689277,1558294518.3807654,0.36819
1.4475077237451228,-0.011125346409715353,1558294521.1938636,0.36819
1.4475077237451228,-0.011125346409715353,1558294521.7222877,0.36819
1.5998486174614945,-0.011176483910953605,1558294562.4000068,0.36812
1.692232483559553,-0.01080813344752185,1558294579.384716,0.36810
1.7908869297089496,-0.011097849651098612,1558294692.0901115,0.36809
1.7917459778001685,-0.00975759722063474,1558294731.509484,0.36699
1.4486492926025833,-0.01050176857724816,1558294856.3989866,0.36798
1.438117509751856,-0.00909959218415618,1558294864.655463,0.36798
1.656411188558539,-0.009252917184298881,1558294873.8778164,0.36798
1.7115489774323784,-0.009406242184441749,1558294907.5752754,0.36798
1.4624899610402515,-0.009985469961965643,1558294955.3814852,0.36714
1.6349003164937954,-0.010785253296836217,1558295009.371468,0.36714
1.6349003164937954,-0.010803202834864079,1558295012.4898486,0.36701
1.6349003164937954,-0.010803202834864079,1558295013.534865,0.36700
1.549155664731239,-0.010871176444060049,1558295014.3921335,0.36686
1.9562505606441567,-0.010888163944471452,1558295022.7812672,0.36597
1.9562505606441567,-0.010888163944471452,1558295024.0677238,0.36597
1.9562505606441567,-0.011040836861280212,1558295024.611272,0.36597
1.9562505606441567,-0.011040836861280212,1558295025.1518953,0.36570
1.9562505606441567,-0.011040836861280212,1558295025.6814783,0.36570
1.9562505606441567,-0.011074716723211808,1558295026.1992297,0.36570
1.8265728058594088,-0.011074716723211808,1558295030.981198,0.36777
1.8988031915685006,-0.011176587555454032,1558295037.6469705,0.36637
1.8988031915685006,-0.011176587555454032,1558295038.1915116,0.36636
1.8631279196707309,-0.011295512786254125,1558295102.0327294,0.36638
1.5837303572459138,-0.010217833621419203,1558295136.4035852,0.36718
1.5837303572459138,-0.010217833621419203,1558295136.9481301,0.36718
1.5837303572459138,-0.010217833621419203,1558295137.4634533,0.36718
1.5837303572459138,-0.010812171584540786,1558295137.970096,0.36718
1.5035273516307048,-0.010812171584540786,1558295162.7873657,0.36726
1.587949817157235,-0.01077049820590581,1558295178.1486661,0.36725
1.587949817157235,-0.01077049820590581,1558295178.6792607,0.36725
1.587949817157235,-0.01077049820590581,1558295179.2024717,0.36725
1.6512819064521307,-0.011042538714626737,1558295200.640886,0.36597
1.743534777589781,-0.010681444152618014,1558295209.0988154,0.36703
1.743534777589781,-0.01081718489664557,1558295212.2348313,0.36626
1.743534777589781,-0.01081718489664557,1558295213.1271348,0.36626
1.7966810666598843,-0.01081718489664557,1558295213.6607606,0.36597
1.6833197082567597,-0.011227235589314322,1558295230.021197,0.36597
1.6833197082567597,-0.011284127490545692,1558295231.621976,0.36550
1.6833197082567597,-0.011284127490545692,1558295232.1356015,0.36522
1.1895563783182697,-0.011317991843217523,1558295280.2897165,0.36483
1.1895563783182697,-0.011317991843217523,1558295280.829952,0.36480
1.1895563783182697,-0.010353567069880387,1558295281.3525538,0.36480
1.1895563783182697,-0.010353567069880387,1558295281.8902311,0.36480
1.1895563783182697,-0.010353567069880387,1558295282.41532,0.36467
1.1895563783182697,-0.010353567069880387,1558295282.927949,0.36467
1.1895563783182697,-0.010370446005474265,1558295283.5294075,0.36450
1.1895563783182697,-0.010370446005474265,1558295284.1103864,0.36450
1.7056855566978548,-0.010387321005882855,1558295295.205916,0.36400
1.6180358446693535,-0.011118429340350844,1558295328.054427,0.36483
1.6180358446693535,-0.011316088830588933,1558295328.5780294,0.36484
1.6180358446693535,-0.011316088830588933,1558295329.1153173,0.36483
1.7107345411848303,-0.011332979340257232,1558295373.329063,0.36456
1.756761735254512,-0.0113141997680829,1558295412.198654,0.36315
1.1854588862137225,-0.010587803471765078,1558295479.8591337,0.36554
1.0889602431199041,-0.01061961122576699,1558295534.248323,0.36550
1.0889602431199041,-0.01085733715388193,1558295537.2651408,0.36400
1.0600623738405726,-0.010907996877330794,1558295541.559722,0.36400
1.4210109815573422,-0.010992256135099188,1558295574.7113597,0.36651
1.3962575525135579,-0.010998266088121655,1558295596.3689888,0.36488
1.4741878656354088,-0.011120278877781109,1558295622.265435,0.36550
1.9677236834400709,-0.010325390683775748,1558295877.2279558,0.36645
1.9677236834400709,-0.010418381075096184,1558295879.2220356,0.36550
1.963007883964067,-0.010860539698710592,1558295951.5089777,0.36646
1.879457673019355,-0.01108627887617647,1558295959.8058536,0.36550
1.0759320529519214,-0.010497349829634184,1558295964.9960895,0.36608
1.0759320529519214,-0.010497349829634184,1558295965.5027554,0.36453
1.8942947363853333,-0.010582023439247024,1558295981.9108129,0.36596
1.222699455860307,-0.009247037500461908,1558296130.105288,0.36543
1.7199189648052826,-0.01100283350557929,1558296199.7477176,0.36425
1.7199189648052826,-0.010492847393699156,1558296200.4506423,0.36437
1.7199189648052826,-0.010492847393699156,1558296201.4974587,0.36428
2.2910238224285986,-0.009916261111446834,1558296470.3361545,0.36326
1.8325625187582624,-0.010352630500475524,1558296556.472041,0.36322
1.8325625187582624,-0.010352630500475524,1558296556.9607337,0.36306
1.8325625187582624,-0.010352630500475524,1558296557.4958105,0.36306
1.8325625187582624,-0.010352630500475524,1558296558.0081062,0.36305
1.8325625187582624,-0.009874638194538765,1558296558.515759,0.36300
1.8325625187582624,-0.009874638194538765,1558296559.0354729,0.36252
1.8325625187582624,-0.009874638194538765,1558296559.5520906,0.36251
1.8325625187582624,-0.009891421296797043,1558296560.079826,0.36243
1.8325625187582624,-0.009891421296797043,1558296560.7171478,0.36243
1.7914043841100604,-0.009924981479278505,1558296562.9449155,0.36201
1.908221546970573,-0.009958520368979484,1558296583.8594038,0.36342
1.908221546970573,-0.009958520368979484,1558296584.4099317,0.36346
1.908221546970573,-0.010311159953814097,1558296584.9283102,0.36344
1.908221546970573,-0.010311159953814097,1558296585.724134,0.36346
2.1020438578459273,-0.010344812728880881,1558296592.6496246,0.36341
2.413224007705381,-0.010676799769060052,1558296639.2686117,0.36341
2.419830408234066,-0.01034264964989906,1558296701.3566692,0.36408
2.065007506066658,-0.007964716897089164,1558296722.960312,0.36407
2.119054501235575,-0.00833553402863385,1558296750.8473802,0.36463
2.0815880075415776,-0.008807839581487398,1558296798.550572,0.36490
2.0815880075415776,-0.008807839581487398,1558296799.0851505,0.36490
2.458224870326704,-0.009618428472310758,1558296807.0084407,0.36500
2.3214545474952955,-0.00975359513870988,1558296832.0449126,0.36323
2.3214545474952955,-0.00975359513870988,1558296832.8002696,0.36300
2.3214545474952955,-0.00975359513870988,1558296833.3589888,0.36273
2.3391777523784736,-0.010191835416502315,1558296865.2459261,0.36475
2.3391777523784736,-0.010191835416502315,1558296865.7534623,0.36475
2.083743522590021,-0.009961581540398667,1558296996.1319237,0.36500
1.760760828262989,-0.009657580958852274,1558297004.586101,0.36567
1.9677374991690637,-0.009984873146656914,1558297071.104478,0.36519
1.7034228095004098,-0.00949760856492754,1558297108.7840273,0.36514
1.5560615925780517,-0.010653916610500802,1558297218.4227262,0.36544
1.5560615925780517,-0.010653916610500802,1558297218.949372,0.36544
1.5560615925780517,-0.008632783506467012,1558297223.0886068,0.36541
2.069057475670804,-0.008632783506467012,1558297223.697158,0.36541
2.069057475670804,-0.008632783506467012,1558297224.2167645,0.36541
1.843572763078911,-0.008891174827274584,1558297258.7392166,0.36400
2.067761384304029,-0.00949901649450735,1558297291.9599748,0.36400
2.154018243120986,-0.010385968461295803,1558297303.7267096,0.36503
1.9956425615194973,-0.010588476792460222,1558297312.3005407,0.36400
1.6961256945943826,-0.010354571528457646,1558297454.5057416,0.36481
1.7044607177048172,-0.010205521063992307,1558297533.0464976,0.36480
1.7044607177048172,-0.010205521063992307,1558297533.5665698,0.36480
1.7044607177048172,-0.010408590508232729,1558297534.1036468,0.36480
1.7044607177048172,-0.010408590508232729,1558297534.6448286,0.36481
1.7044607177048172,-0.010408590508232729,1558297535.1995342,0.36490
1.7044607177048172,-0.010425500230864415,1558297535.7281194,0.36533
1.7044607177048172,-0.010425500230864415,1558297536.2408743,0.36517
1.7044607177048172,-0.010425500230864415,1558297536.7564993,0.36590
1.7044607177048172,-0.010425500230864415,1558297537.3131025,0.36601
1.51359871919677,-0.010442429166459488,1558297537.821026,0.36532
1.51359871919677,-0.010442429166459488,1558297538.3765132,0.36600
1.51359871919677,-0.010442429166459488,1558297538.9434903,0.36575
1.51359871919677,-0.010459367824277088,1558297539.4926078,0.36575
1.51359871919677,-0.010459367824277088,1558297541.849663,0.36599
1.6204235525986548,-0.010459367824277088,1558297542.3468351,0.36601
1.6204235525986548,-0.010544059952408036,1558297542.8751817,0.36601
1.7768865729888126,-0.010561004860225709,1558297548.8515613,0.36685
1.7768865729888126,-0.010561004860225709,1558297549.385094,0.36685
1.7294153122788318,-0.009639635703539762,1558297681.583388,0.36635
1.3820825699021375,-0.00980386579858572,1558297769.4894824,0.36632
1.4396795088412715,-0.01010943663486813,1558298053.6750472,0.36539
1.7341178264175985,-0.009399537385826995,1558298116.3830876,0.36532
1.1422631634085894,-0.01020456643521872,1558298223.5544717,0.36496
1.1422631634085894,-0.01020456643521872,1558298224.0890944,0.36496
1.1422631634085894,-0.008895672682923128,1558298225.0541186,0.36494
1.4915166353839497,-0.008912568516665553,1558298368.7839582,0.36587
1.5622149285114257,-0.010223897570208695,1558298432.6000187,0.36589
1.6960275072815303,-0.009824551043036478,1558298521.7147279,0.36410
1.6960275072815303,-0.009824551043036478,1558298522.2632627,0.36410
1.45669465479824,-0.009496744852191041,1558298558.6934946,0.36584
1.6022636734373992,-0.010079339293039224,1558298569.056528,0.36470
1.6022636734373992,-0.010079339293039224,1558298569.609051,0.36469
1.6022636734373992,-0.0074293152757482495,1558298570.155853,0.36472
1.6022636734373992,-0.0074293152757482495,1558298570.9407446,0.36472
1.6022636734373992,-0.0074293152757482495,1558298571.5231802,0.36473
2.1157446219505682,-0.008299833508267573,1558300272.6421154,0.36935
2.0876871075670023,-0.009467512730899186,1558300369.6910203,0.36949
2.0876871075670023,-0.009467512730899186,1558300370.1802416,0.36949
2.0876871075670023,-0.009467512730899186,1558300370.7284927,0.36968
2.1131703630435443,-0.0026931554422916504,1558300375.3906462,0.36980
2.1131703630435443,-0.0026931554422916504,1558300376.0160253,0.36990
2.1131703630435443,-0.0027787484963318065,1558300376.530644,0.36990
2.1131703630435443,-0.0027787484963318065,1558300377.0038605,0.36990
2.1131703630435443,-0.0027787484963318065,1558300377.5681846,0.36990
2.1131703630435443,-0.002795873496746537,1558300378.1685803,0.36990
2.1131703630435443,-0.002795873496746537,1558300378.661469,0.37000
2.1131703630435443,-0.002795873496746537,1558300379.1645217,0.37000
2.1737005306537798,-0.0028301415531317153,1558300379.6722102,0.37000
2.1737005306537798,-0.0028301415531317153,1558300380.170877,0.37000
2.1737005306537798,-0.0028301415531317153,1558300380.6685884,0.37000
2.1737005306537798,-0.0028301415531317153,1558300381.1884518,0.37000
2.1737005306537798,-0.0028301415531317153,1558300381.7002945,0.37000
2.1737005306537798,-0.0028301415531317153,1558300382.19033,0.37000
2.1737005306537798,-0.0028301415531317153,1558300382.7333941,0.37019
2.1737005306537798,-0.0028301415531317153,1558300383.2569947,0.37039
2.0043183803859272,-0.0028301415531317153,1558300478.4898555,0.37039
2.0043183803859272,-0.0028301415531317153,1558300479.051534,0.37039
1.4360389489504009,-0.004544910073646546,1558300502.6565518,0.37008
1.4360389489504009,-0.004544910073646546,1558300503.8134582,0.37039
1.5890626771329224,-0.004973422804728955,1558300509.678775,0.37055
1.5890626771329224,-0.004973422804728955,1558300510.6781,0.37059
1.9194480900414759,-0.005093487155894139,1558300517.6425664,0.37072
1.9194480900414759,-0.005093487155894139,1558300518.2349586,0.37072
1.9194480900414759,-0.005093487155894139,1558300518.754581,0.37079
1.9194480900414759,-0.005093487155894139,1558300519.2382693,0.37090
1.9194480900414759,-0.005213606831132922,1558300519.9423869,0.37099
1.9194480900414759,-0.005213606831132922,1558300520.4370651,0.37100
1.9194480900414759,-0.005213606831132922,1558300521.2518854,0.37100
1.9194480900414759,-0.005213606831132922,1558300521.7286098,0.37100
1.9204629563538207,-0.005213606831132922,1558300524.4982057,0.37100
1.9204629563538207,-0.005213606831132922,1558300525.4795804,0.37100
1.9204629563538207,-0.005213606831132922,1558300525.9563193,0.37119
1.9204629563538207,-0.005351014238268226,1558300526.477911,0.37119
1.9204629563538207,-0.005351014238268226,1558300526.964608,0.37133
1.9204629563538207,-0.005351014238268226,1558300527.5510397,0.37133
1.9204629563538207,-0.005385390165026538,1558300528.506485,0.37139
1.8792195576856656,-0.005402582758035457,1558300536.7843869,0.37159
1.8792195576856656,-0.005402582758035457,1558300537.2581196,0.37159
1.8792195576856656,-0.005402582758035457,1558300537.7468128,0.37159
1.8792195576856656,-0.005540171646652048,1558300540.5064352,0.37161
1.393168627405203,-0.005608986459528287,1558300545.55098,0.37161
1.5095219602874832,-0.005695007294944487,1558300559.377967,0.37160
1.4109464571447858,-0.005935862386159063,1558300564.7905278,0.37159
2.0214992376362453,-0.007296422804734415,1558300618.2156255,0.37162
2.490641178246354,-0.00820823136639287,1558300649.3413885,0.37157
2.215053873640398,-0.008741539007380561,1558300668.0353963,0.37051
2.27822343884253,-0.009067916785862218,1558300679.7969432,0.37051
1.5366907330996544,-0.009273755672546569,1558300734.658234,0.37166
1.46526160237975,-0.009421472685996246,1558300749.183391,0.37050
1.46526160237975,-0.0036517623829725454,1558300750.1478598,0.37044
1.225163980308782,-0.003668913772276905,1558300843.722621,0.37164
1.3486610158286443,-0.0052836248828919685,1558300865.239585,0.37158
1.3044833210250217,-0.005644912384430101,1558300871.7842057,0.37162
1.420108755430351,-0.006793609142597856,1558301003.9404583,0.36957
1.536921498035481,-0.00905835636573088,1558301114.6433558,0.37000
1.703197311046617,-0.009258223145927225,1558301180.2797396,0.37096
3.0296594189636457,-0.008719914701220521,1558301332.8880942,0.37158
3.0296594189636457,-0.008719914701220521,1558301333.3893502,0.37162
2.864996548809874,-0.009577242710604339,1558301340.2207963,0.37162
2.864996548809874,-0.009171416432846302,1558301342.4239807,0.37179
2.864996548809874,-0.00922304212854086,1558301344.8339708,0.37190
2.864996548809874,-0.009257472218359708,1558301347.14731,0.37199
2.864996548809874,-0.009257472218359708,1558301347.6273835,0.37200
2.864996548809874,-0.009257472218359708,1558301348.1408355,0.37200
2.864996548809874,-0.009309133793684699,1558301348.628396,0.37200
2.864996548809874,-0.009309133793684699,1558301349.1451263,0.37200
2.192460945906251,-0.009309133793684699,1558301349.637423,0.37219
2.192460945906251,-0.009343587035259837,1558301350.142361,0.37221
2.192460945906251,-0.009343587035259837,1558301350.692406,0.37222
2.192460945906251,-0.00934358703525967,1558301351.8308623,0.37222
2.192460945906251,-0.00937805185090912,1558301354.1198988,0.37227
1.7226520142100787,-0.009412518977762185,1558301358.2856147,0.37228
1.7226520142100787,-0.009481458794246334,1558301361.0453632,0.37230
1.6294091668312987,-0.009533165739942784,1558301363.6675963,0.37239
1.6294091668312987,-0.009584880320915978,1558301365.6240048,0.37250
1.6294091668312987,-0.009584880320915978,1558301366.4987698,0.37259
1.6294091668312987,-0.009584880320915978,1558301367.4153938,0.37264
1.6294091668312987,-0.008774047452954403,1558301367.9281433,0.37279
1.8072416278413144,-0.008774047452954403,1558301368.5431552,0.37289
1.8072416278413144,-0.008774047452954403,1558301369.0485358,0.37290
1.8072416278413144,-0.00879129814781654,1558301369.5272558,0.37300
1.8072416278413144,-0.00879129814781654,1558301370.0782104,0.37300
1.9346827627562282,-0.00879129814781654,1558301388.3764517,0.37300
1.914403459033095,-0.009136668519312718,1558301393.6666203,0.37299
1.9015377978908836,-0.009240278240425281,1558301425.1123192,0.37300
1.9015377978908836,-0.009240278240425281,1558301425.6345603,0.37300
1.9015377978908836,-0.007559188018420371,1558301426.4555595,0.37327
1.9015377978908836,-0.007559188018420371,1558301426.9588768,0.37347
1.9015377978908836,-0.007559188018420371,1558301427.4515688,0.37350
1.9015377978908836,-0.007559188018420371,1558301427.9717104,0.37350
1.9015377978908836,-0.007611051677083591,1558301428.4868257,0.37361
1.9015377978908836,-0.007611051677083591,1558301429.0370734,0.37390
1.999134000232205,-0.007611051677083591,1558301429.6142836,0.37398
1.999134000232205,-0.007628358390465717,1558301430.119079,0.37399
1.999134000232205,-0.007628358390465717,1558301430.7118254,0.37400
1.999134000232205,-0.007628358390465717,1558301431.2274568,0.37410
1.999134000232205,-0.007628358390465717,1558301431.7849557,0.37425
1.999134000232205,-0.007628358390465717,1558301432.3059597,0.37490
1.999134000232205,-0.007628358390465717,1558301432.82181,0.37400
1.999134000232205,-0.007628358390465717,1558301433.349893,0.37399
1.999134000232205,-0.007628358390465717,1558301433.8699656,0.37375
1.4695298085474482,-0.007628358390465717,1558301434.4903512,0.37390
1.4695298085474482,-0.0077146755185678595,1558301434.9989433,0.37188
1.4695298085474482,-0.0077146755185678595,1558301435.5067186,0.37188
1.786759489805008,-0.0077146755185678595,1558301443.3513966,0.37304
1.6799009770369062,-0.007869867185379187,1558301477.8155067,0.37022
1.6739858363532374,-0.00847204542628005,1558301485.4464324,0.37241
1.4176640442920743,-0.00860956950008207,1558301491.9345362,0.37240
2.0279063996127893,-0.00871301533230745,1558301592.8110538,0.37231
2.0279063996127893,-0.00871301533230745,1558301593.618294,0.37234
1.4056905625107257,-0.009645017710635584,1558301705.9948175,0.37234
1.4056905625107257,-0.009645017710635584,1558301707.5106163,0.37234
1.2779100412867046,-0.008692081252575534,1558301787.8450892,0.37217
1.2779100412867046,-0.009670148667964396,1558301789.4077857,0.37304
1.4728996216503214,-0.009704649131762777,1558301809.6277027,0.37323
1.3120404683564855,-0.0030893105925481334,1558301825.133952,0.37314
1.212898631764458,-0.003348466841582798,1558301885.5526533,0.37318
1.212898631764458,-0.003348466841582798,1558301886.0231278,0.37319
1.212898631764458,-0.004402298323241127,1558301889.4401093,0.37316
1.193289893129481,-0.0044714048027758024,1558301921.4313638,0.37315
1.193289893129481,-0.0044714048027758024,1558301921.9181755,0.37315
1.2873186362578133,-0.00542643431911044,1558302045.2401793,0.37318
1.2873186362578133,-0.00542643431911044,1558302045.798841,0.37318
1.365721763306023,-0.008557052951038036,1558302166.8989868,0.37373
2.2916871352510415,-0.008391738076677424,1558302284.7226057,0.37249
2.2916871352510415,-0.008391738076677424,1558302285.2009668,0.37249
2.315326552851067,-0.009307642884183454,1558302322.2788124,0.37345
2.3482798335634603,-0.00958813460987451,1558302332.3747742,0.37345
2.2748212281724194,-0.009672909488940618,1558302458.5417686,0.37316
2.314532766910855,-0.009382822629664722,1558302466.6428645,0.37345
2.314532766910855,-0.009382822629664722,1558302467.1255739,0.37345
2.325939943516731,-0.009521083740502312,1558302473.6347475,0.37345
2.325939943516731,-0.009521083740502312,1558302474.1189623,0.37378
2.290906051958069,-0.009642109202772808,1558302535.3658412,0.37378
2.271118794282868,-0.009690375175983923,1558302615.3404996,0.37478
2.0282639936073132,-0.007774880440555909,1558302655.6646316,0.37455
2.0539759970583,-0.008486050115528665,1558302669.3520255,0.37453
2.120187451147309,-0.008711467706312703,1558302697.8363686,0.37460
1.87920239215624,-0.0092143559020329,1558302727.761567,0.37460
1.87920239215624,-0.0092143559020329,1558302728.2927442,0.37490
1.87920239215624,-0.0092143559020329,1558302728.833025,0.37500
1.87920239215624,-0.0092143559020329,1558302729.345889,0.37500
1.87920239215624,-0.009751994793038066,1558302729.827653,0.37500
1.87920239215624,-0.009751994793038066,1558302730.3030374,0.37500
1.87920239215624,-0.009751994793038066,1558302731.0656328,0.37500
1.87920239215624,-0.009786717012463086,1558302731.5477762,0.37500
1.87920239215624,-0.009786717012463086,1558302732.032963,0.37500
2.0469040566019454,-0.009786717012463086,1558302732.5424905,0.37500
2.0469040566019454,-0.009786717012463086,1558302733.0717514,0.37500
2.0469040566019454,-0.009786717012463086,1558302733.6990702,0.37500
2.0469040566019454,-0.009786717012463086,1558302734.2218986,0.37500
2.0469040566019454,-0.009786717012463086,1558302734.7326658,0.37500
2.0469040566019454,-0.009786717012463086,1558302735.213561,0.37500
2.0469040566019454,-0.009786717012463086,1558302735.7112582,0.37500
2.0469040566019454,-0.009786717012463086,1558302736.1827447,0.37500
2.0469040566019454,-0.009729598959944574,1558302736.666965,0.37500
2.0469040566019454,-0.009729598959944574,1558302737.187687,0.37500
2.162796037394603,-0.009729598959944574,1558302739.7413917,0.37454
2.161640815926941,-0.009542132521004387,1558302746.2250314,0.37500
2.161640815926941,-0.009542132521004387,1558302746.717767,0.37500
2.161640815926941,-0.009663596409196507,1558302747.2946393,0.37500
2.161640815926941,-0.009663596409196507,1558302747.8062713,0.37500
2.161640815926941,-0.009663596409196507,1558302749.5796003,0.37554
2.161640815926941,-0.009663596409196507,1558302750.0982168,0.37576
2.161640815926941,-0.009663596409196507,1558302750.593031,0.37579
2.161640815926941,-0.009715717243792,1558302751.108717,0.37583
2.161640815926941,-0.009715717243792,1558302751.632945,0.37590
2.161640815926941,-0.009715717243792,1558302752.1046715,0.37591
2.161640815926941,-0.009750545485375961,1558302752.6545713,0.37600
2.161640815926941,-0.009750545485375961,1558302753.1586702,0.37600
2.161640815926941,-0.009750545485375961,1558302753.6905022,0.37570
2.161640815926941,-0.009750545485375961,1558302754.175045,0.37621
2.161640815926941,-0.009750545485375961,1558302754.712576,0.37637
2.161640815926941,-0.009750545485375961,1558302755.1934605,0.37637
2.7701516396145442,-0.009750545485375961,1558302755.6845381,0.37656
2.7701516396145442,-0.009820287150077212,1558302756.1912482,0.37656
2.7701516396145442,-0.009820287150077212,1558302756.6735334,0.37668
2.7701516396145442,-0.009820287150077212,1558302757.2360833,0.37668
2.7701516396145442,-0.009820287150077212,1558302757.7433293,0.37690
2.7701516396145442,-0.009820287150077212,1558302758.2704303,0.37700
2.7701516396145442,-0.009820287150077212,1558302758.7845552,0.37700
2.5443231082269495,-0.009820287150077212,1558302762.4691617,0.37544
2.5443231082269495,-0.009815647802533023,1558302762.9500124,0.37533
2.42137968190722,-0.009815647802533023,1558302770.673566,0.37678
2.42137968190722,-0.009575239931533419,1558302773.7909024,0.37691
2.4223197410585224,-0.00962757951247828,1558302775.5787728,0.37527
2.38912050643554,-0.009662402661469616,1558302780.754437,0.37688
1.7823596508158421,-0.009749457061725753,1558302806.9880867,0.37525
1.8904858298176208,-0.009317033392591878,1558302846.2335987,0.37700
1.9150534333478983,-0.009468022974617019,1558302861.1965723,0.37700
1.9150534333478983,-0.009729828529197238,1558302863.5794961,0.37718
2.0721008421143776,-0.00978220214157649,1558302865.7143002,0.37713
2.0721008421143776,-0.00978220214157649,1558302866.3075724,0.37713
2.0721008421143776,-0.00978220214157649,1558302866.7887404,0.37770
2.0721008421143776,-0.00978220214157649,1558302867.3220017,0.37770
2.0721008421143776,-0.009158596820108944,1558302867.7992907,0.37770
2.0721008421143776,-0.009158596820108944,1558302868.4385347,0.37770
2.0721008421143776,-0.009158596820108944,1558302868.9387906,0.37790
2.4281176728767475,-0.009176082927979334,1558302883.9257565,0.37647
2.400883161967753,-0.009455479227381935,1558302890.9749243,0.37659
2.4008384883653706,-0.009577502837794849,1558302911.9834065,0.37769
2.4204597600795745,-0.009711903123849563,1558302927.247873,0.37694
2.4204597600795745,-0.00982613142599048,1558302930.4249458,0.37779
2.499924435515985,-0.009832638829894436,1558302961.6558304,0.37663
2.499924435515985,-0.009698005037066693,1558302963.1727319,0.37665
2.539211247820074,-0.00971544207452596,1558302978.3301992,0.37790
2.539211247820074,-0.00971544207452596,1558302978.8168936,0.37791
2.539211247820074,-0.00971544207452596,1558302979.3415256,0.37791
2.539211247820074,-0.008938828880512728,1558302980.0226712,0.37689
2.55984301021006,-0.008956301103157982,1558302983.3078861,0.37799
2.55984301021006,-0.008956301103157982,1558302983.8075502,0.37800
2.55984301021006,-0.008956301103157982,1558302984.3062146,0.37800
2.55984301021006,-0.009026223091930186,1558302984.7978992,0.37800
2.55984301021006,-0.009026223091930186,1558302985.4102635,0.37819
2.55984301021006,-0.009026223091930186,1558302985.9607909,0.37839
2.55984301021006,-0.009061231889074206,1558302987.0678318,0.37696
2.525639983383172,-0.009078716843201329,1558302997.274607,0.37838
2.525639983383172,-0.009078716843201329,1558302997.91704,0.37839
2.525639983383172,-0.009078716843201329,1558302998.515028,0.37842
2.430538927047488,-0.009271081886820909,1558303009.6418047,0.37858
2.430538927047488,-0.009271081886820909,1558303010.168378,0.37859
2.430538927047488,-0.009463836517445978,1558303011.9012523,0.37860
2.430538927047488,-0.009463836517445978,1558303012.420676,0.37860
2.430538927047488,-0.009463836517445978,1558303012.924269,0.37879
2.4513142466659676,-0.009533951333958623,1558303013.4673624,0.37890
2.4513142466659676,-0.009533951333958623,1558303013.9689803,0.37890
2.4513142466659676,-0.009551490454753786,1558303016.2260575,0.37890
2.4513142466659676,-0.009551490454753786,1558303016.96769,0.37890
2.4513142466659676,-0.009551490454753786,1558303017.6034992,0.37890
2.504528407733404,-0.009621657119443572,1558303020.756237,0.37899
2.504528407733404,-0.009674288370718043,1558303022.4549296,0.37900
2.504528407733404,-0.009674288370718043,1558303022.9805229,0.37900
2.504528407733404,-0.009674288370718043,1558303023.4841595,0.37900
2.504528407733404,-0.009709380501197407,1558303023.9972074,0.37900
2.504528407733404,-0.009709380501197407,1558303024.5872962,0.37919
2.504528407733404,-0.009709380501197407,1558303025.0795732,0.37939
2.3156062360906255,-0.009744519387255512,1558303025.6022232,0.37950
2.3156062360906255,-0.009744519387255512,1558303026.1288729,0.37950
2.3156062360906255,-0.009744519387255512,1558303026.650479,0.37950
2.3156062360906255,-0.009744519387255512,1558303027.17663,0.37950
2.3156062360906255,-0.009762088832125482,1558303027.699232,0.37950
2.3156062360906255,-0.009762088832125482,1558303028.2288146,0.37950
2.3156062360906255,-0.009797227721865143,1558303029.4343905,0.37959
2.3156062360906255,-0.009797227721865143,1558303029.9490306,0.37979
2.3960983119974477,-0.009797227721865143,1558303030.5037584,0.37980
2.3960983119974477,-0.009849962908327292,1558303031.0358326,0.37990
2.3960983119974477,-0.009849962908327292,1558303031.5711508,0.37990
2.3960983119974477,-0.009849962908327292,1558303032.102101,0.37999
2.3960983119974477,-0.009867555501345937,1558303032.5947402,0.37999
2.3960983119974477,-0.009867555501345937,1558303033.092878,0.37999
2.3960983119974477,-0.009867555501345937,1558303033.6238687,0.38000
2.3960983119974477,-0.009867555501345937,1558303034.158435,0.38000
2.3960983119974477,-0.00986051209471106,1558303034.645578,0.38000
2.3960983119974477,-0.00986051209471106,1558303035.172659,0.38000
2.3960983119974477,-0.00986051209471106,1558303035.7231817,0.38000
2.3960983119974477,-0.009860512094711116,1558303036.2982104,0.38000
2.3960983119974477,-0.009860512094711116,1558303036.8078756,0.38000
2.3960983119974477,-0.009860512094711116,1558303037.3107252,0.38000
2.3960983119974477,-0.009860512094711116,1558303037.8002973,0.38000
2.3960983119974477,-0.009860512094711116,1558303038.3139203,0.38000
2.3960983119974477,-0.009860512094711116,1558303038.8091211,0.38000
2.3960983119974477,-0.009860512094711116,1558303039.3281465,0.38000
2.3960983119974477,-0.009860512094711116,1558303039.8736901,0.38000
2.426076705045915,-0.009860512094711116,1558303040.3813238,0.38000
2.426076705045915,-0.009860512094711116,1558303040.9228954,0.38000
2.426076705045915,-0.009860512094711116,1558303041.4494927,0.38000
2.426076705045915,-0.009860512094711116,1558303042.004327,0.38000
2.426076705045915,-0.009860512094711116,1558303042.5214658,0.38000
2.426076705045915,-0.009860512094711116,1558303043.0420434,0.38000
2.426076705045915,-0.009860512094711116,1558303043.5377438,0.38000
2.426076705045915,-0.009860512094711116,1558303044.057357,0.38000
2.426076705045915,-0.009860512094711116,1558303044.555668,0.38000
2.426076705045915,-0.009860512094711116,1558303045.0762184,0.38000
2.358102436644868,-0.009860512094711116,1558303045.584857,0.38000
2.358102436644868,-0.009860512094711116,1558303046.1750371,0.38000
2.358102436644868,-0.009860512094711116,1558303046.6584167,0.38001
2.358102436644868,-0.009860512094711116,1558303047.2009666,0.38001
2.358102436644868,-0.009860512094711116,1558303047.7019932,0.38019
2.358102436644868,-0.009860512094711116,1558303048.2141657,0.38039
2.296088531907265,-0.008418638368211606,1558303078.769282,0.38039
2.296088531907265,-0.008418638368211606,1558303079.3058484,0.38039
2.296088531907265,-0.008418638368211606,1558303080.3969302,0.38050
2.3094199492404277,-0.00924634392535817,1558303150.1761622,0.38000
2.3094199492404277,-0.00924634392535817,1558303150.6890833,0.38000
2.3094199492404277,-0.00924634392535817,1558303151.4436402,0.38010
2.1111295047453655,-0.009410870311413688,1558303172.0263054,0.37896
2.1111295047453655,-0.009762286975543877,1558303173.886865,0.37900
2.1478395564017894,-0.009797377717134292,1558303177.712042,0.37806
2.653067499309474,-0.009867475866979891,1558303189.0930896,0.37809
2.329694912885381,-0.008158816144740066,1558303227.843438,0.37801
2.329694912885381,-0.008158816144740066,1558303228.720567,0.37800
2.329694912885381,-0.008858906656281362,1558303231.9406395,0.37857
1.9265903727067921,-0.008911446237217069,1558303239.7489707,0.37663
1.9265903727067921,-0.009051298088792237,1558303242.5090444,0.37794
1.7486527202810658,-0.009103698784505343,1558303250.99156,0.37778
1.9830418656169628,-0.00924364693237667,1558303263.336406,0.37665
1.9830418656169628,-0.009453210822680524,1558303266.4926417,0.37763
1.9830418656169628,-0.009453210822680524,1558303267.022262,0.37663
1.9830418656169628,-0.009523051561453666,1558303267.5708396,0.37600
1.9830418656169628,-0.009523051561453666,1558303268.1004553,0.37522
1.9057350356455922,-0.009523051561453666,1558303269.6789098,0.37531
1.9057350356455922,-0.009523051561453666,1558303270.217568,0.37530
1.9057350356455922,-0.009523051561453666,1558303270.7145371,0.37530
1.9057350356455922,-0.009575171701604601,1558303271.4535615,0.37489
1.9057350356455922,-0.009575171701604601,1558303271.9882162,0.37475
1.9057350356455922,-0.009575171701604601,1558303272.615613,0.37301
1.9057350356455922,-0.009609902720964125,1558303273.1671388,0.37301
1.9057350356455922,-0.009609902720964125,1558303273.7316294,0.37300
1.9057350356455922,-0.009609902720964125,1558303274.2478576,0.37521
1.3926408820823895,-0.009609902720964125,1558303274.7707176,0.37521
1.342897379761298,-0.009609902720964125,1558303281.5512955,0.37459
1.4919760599186924,-0.009783467536344737,1558303296.290394,0.37631
1.4919760599186924,-0.009783467536344737,1558303297.28539,0.37465
1.7010267641324885,-0.009494917998316699,1558303330.5984685,0.37491
1.7010267641324885,-0.009494917998316699,1558303331.1310735,0.37489
1.7914134514576592,-0.009552452083611662,1558303347.3125837,0.37631
1.6472933006714403,-0.009830674305283171,1558303362.0426116,0.37768
1.832278996367731,-0.009986723780913864,1558303368.2070823,0.37630
1.824283718561644,-0.009344882638563645,1558303423.4631393,0.37606
1.824283718561644,-0.009344882638563645,1558303423.9603271,0.37605
1.901786993819544,-0.006311765681328296,1558303443.0125847,0.37736
1.822077154088832,-0.0066431265616727075,1558303471.534012,0.37650
1.5521984685906431,-0.007149189988882532,1558303509.5134904,0.37650
1.5209740193814505,-0.007811551097769542,1558303515.38679,0.37500
1.5209740193814505,-0.007811551097769542,1558303515.859479,0.37500
1.5209740193814505,-0.007811551097769542,1558303516.3342087,0.37500
1.595260477824205,-0.007915926100296955,1558303541.4350832,0.37650
1.595260477824205,-0.008368217766979824,1558303543.567382,0.37650
1.595260477824205,-0.008403078875282521,1558303545.408458,0.37723
1.7133972248656293,-0.008437973783534836,1558303584.72432,0.37715
1.57128492246602,-0.009119011285388945,1558303621.3493786,0.37557
1.8644463331340002,-0.009746277948988524,1558303628.749857,0.37567
1.5911947696772837,-0.009885396470875774,1558303635.332165,0.37567
1.5911947696772837,-0.010007141377586681,1558303637.8543286,0.37567
1.6131102519521765,-0.009978314529479948,1558303645.7221844,0.37495
1.704862765468246,-0.00909952656381302,1558303650.6608298,0.37349
1.4693573168565686,-0.008177879629260476,1558303671.7110064,0.37296
1.2620424921632023,-0.008540737269694287,1558303684.017835,0.37434
1.2620424921632023,-0.008540737269694287,1558303684.5536075,0.37435
1.2620424921632023,-0.008540737269694287,1558303685.18891,0.37436
1.2620424921632023,-0.008765651851224077,1558303686.6303408,0.37436
1.9188461348400936,-0.0088003148150263,1558303777.4534476,0.37495
2.024743700838722,-0.009848108158670155,1558303807.5011182,0.37476
2.265146425901383,-0.009922148667725617,1558303817.9209394,0.37466
1.9333910258119724,-0.009287465800634276,1558303849.4797773,0.37565
2.2933482207566964,-0.009843250984719554,1558303892.1392996,0.37725
2.2933482207566964,-0.009682007929282033,1558303893.2633007,0.37725
2.499091695204888,-0.009699473207482656,1558303900.9467475,0.37757
2.499091695204888,-0.009839254688687349,1558303904.0364828,0.37797
2.499091695204888,-0.009839254688687349,1558303905.0747128,0.37798
2.622395934962024,-0.009909221588529804,1558303906.6465025,0.37797
2.622395934962024,-0.009944219270895449,1558303907.551089,0.37797
2.1048401141093263,-0.009554651735540376,1558303967.576311,0.37688
2.0607466964849155,-0.010032702660781101,1558303991.5601618,0.37843
2.0383286679784156,-0.009619651445991029,1558304005.8802383,0.37839
1.7917067768336172,-0.009931576270947484,1558304020.5364666,0.37731
2.102633345721687,-0.009918197510609905,1558304030.2152052,0.37905
1.8112047433535796,-0.009606850346043472,1558304193.4018903,0.37675
1.8112047433535796,-0.009606850346043472,1558304193.9354575,0.37715
1.3671234452259053,-0.008987461111453932,1558304325.1677458,0.37567
