1558175478102669,288.85380000,0.33192,1
1558175657258559,296.69009000,0.33499,0
1558175657484275,3125.30991000,0.33500,0
1558175657741199,14.86567164,0.33500,0
1558175665369180,2243.00000000,0.33500,0
1558175669656460,16892.63060000,0.33500,0
1558175671574322,3962.00000000,0.33500,0
1558175673583903,1262.19381836,0.33500,0
1558175673673593,650.00000000,0.33500,0
1558175675116177,202.60896911,0.33509,0
1558175675309872,35.12760710,0.33518,0
1558175675423374,250.00000000,0.33563,0
1558175675555317,1555.44850613,0.33577,0
1558175675697232,16.79504587,0.33600,0
1558175675868373,35.01810000,0.33623,0
1558175675956625,0.00004910,0.33623,0
1558175676147657,2167.87518220,0.33726,1
1558175678163278,14.76649369,0.33725,1
1558175678327629,14.76605586,0.33726,1
1558175685759172,1999.99999000,0.33518,1
1558175706935759,14311.16800651,0.33724,0
1558175707275830,5378.71423912,0.33724,1
1558175707413863,3667.94925449,0.33724,1
1558175707731803,6317.29586391,0.33724,1
1558175716281437,6519.57800000,0.33528,1
1558175717702607,10000.00000000,0.33535,1
1558175724557385,10000.00000000,0.33537,1
1558288688211267,5809.61800000,0.36800,0
1558288693356240,29.20049100,0.36633,1
1558288693671492,29.26458100,0.36634,1
1558288694043585,29.40311700,0.36634,1
1558288695020815,29.47678700,0.36774,1
1558288695670681,29.66302800,0.36774,1
1558288695910544,29.57442400,0.36778,0
1558288695991959,5440.42557600,0.36800,0
1558288743393178,6522.07900000,0.36800,0
1558288759341236,6387.70500000,0.36800,0
1558288765588700,24086.00000000,0.36800,0
1558288770111679,5741.97200000,0.36800,0
1558288778435899,2922.89634596,0.36800,0
1558288780725145,4818.26800000,0.36800,0
1558288791740305,5138.77100000,0.36800,0
1558288802916803,5449.83300000,0.36800,0
1558288805884272,131956.68662386,0.36800,0
1558288810116605,244.75277634,0.36901,0
1558288810779995,1188.59590000,0.36901,1
1558288845831097,10000.00000000,0.36971,0
1558288845913366,2142.82666667,0.36989,0
1558288915505641,172.59185163,0.36989,0
1558289064831688,1281.43340094,0.36975,0
1558289084824335,28.91533675,0.36970,0
1558289268630636,21.69929157,0.36800,1
1558289315291166,5400.20447792,0.36780,1
1558289357554177,2100.00000000,0.36800,0
1558289472146596,25.00000000,0.36787,1
1558289510316522,33.38753387,0.36900,0
1558289573107476,3438.61455905,0.36898,0
1558289582548825,50.00000000,0.36796,1
1558289591647881,3146.00000000,0.36899,0
1558289596763760,1796.00000000,0.36898,0
1558289623510367,162.60603200,0.36899,0
1558289688519702,1355.05027236,0.36899,0
1558289715869027,1371.75300000,0.36833,0
1558289716033599,6289.80746613,0.36833,0
1558289744475019,115.46554107,0.36899,0
1558289806693843,78.51947937,0.36832,1
1558289834277043,273.00000000,0.36832,1
1558289967413906,178.24331282,0.36899,0
1558290032001607,1234.65771812,0.36820,1
1558290042200515,8765.34228188,0.36820,1
1558290045494580,9690.00000000,0.36820,0
1558290050542228,2891.00000000,0.36820,0
1558290057008122,1542.18350554,0.36748,0
1558290072287587,13735.78272804,0.36762,1
1558290072524861,22769.01116782,0.36762,0
1558290084597186,150.00000000,0.36763,1
1558290098801695,30.00000000,0.36700,1
1558290120033794,2118.38641998,0.36606,1
1558290261180994,3543.18600000,0.36632,1
1558290270086134,0.00028522,0.36632,1
1558290314411655,1073.89702612,0.36580,1
1558290358070685,679.92156008,0.36709,0
1558290360111353,4075.19882340,0.36716,0
1558290419074131,20.00000000,0.36581,1
1558290620642982,271.48028195,0.36743,0
1558290635869342,240.14912376,0.36748,0
1558290679876415,792.26490000,0.36602,1
1558290680005349,1002.00684448,0.36602,0
1558290708486076,60.32760000,0.36609,1
1558290708604481,1250.66200000,0.36609,0
1558290708726089,0.00019774,0.36609,0
1558290724900763,3608.24742268,0.36602,1
1558290798595798,102.00000000,0.36738,0
1558290809492498,2841.98772000,0.36619,1
1558290809656292,1320.51800000,0.36619,0
1558290809823587,3365.86570857,0.36619,0
1558290812940791,250.00000000,0.36619,0
1558290853244812,4300.00000000,0.36738,0
1558290890610877,29.91452991,0.36738,0
1558291008305206,31.46605694,0.36738,0
1558291015201555,270.17143800,0.36738,0
1558291131553333,1681.00000000,0.36738,0
1558291147853113,2107.00000000,0.36738,0
1558291222314852,2791.93205945,0.36738,0
1558291282103915,3640.07700000,0.36719,1
1558291283121165,0.00034415,0.36719,1
1558291283232870,345.45465585,0.36716,1
1558291355820676,3026.85335200,0.36677,1
1558291408165652,116.00680000,0.36678,1
1558291408532958,2909.14047432,0.36678,0
1558291465422085,5705.86700000,0.36674,1
1558291466466312,0.00091733,0.36674,1
1558291466546530,9999.99908267,0.36668,1
1558291468366857,1051.15800000,0.36669,1
1558291478121489,297.95500000,0.36669,1
1558291482999866,0.00091733,0.36668,1
1558291483118160,93.60908267,0.36657,1
1558291486594585,539.55604577,0.36610,1
1558291582398395,33.22069003,0.36694,0
1558291619899759,407.88182710,0.36692,0
1558291674699556,927.02185792,0.36600,1
1558291674776814,2678.97814208,0.36600,1
1558291765719736,47.21201400,0.36600,1
1558291916761230,4987.28841816,0.36600,1
1558291951094884,920.00000000,0.36629,0
1558291956619688,260.00000000,0.36643,0
1558292003300412,1058.94000000,0.36638,1
1558292003894607,1.06000000,0.36638,1
1558292082056523,200.00000000,0.36643,0
1558292131721503,216.69159100,0.36644,0
1558292179596500,300.00000000,0.36564,1
1558292181138261,450.90275756,0.36483,0
1558292181712493,300.73417310,0.36483,0
1558292199439995,60.75607700,0.36489,1
1558292206391876,6441.11782000,0.36638,0
1558292206515062,13262.00462118,0.36638,1
1558292285311687,40.93998198,0.36639,0
1558292296411675,100.95219880,0.36490,1
1558292387578590,14.00000000,0.36635,1
1558292414658667,250.01000000,0.36638,0
1558292452664605,3013.23726084,0.36639,0
1558292544402623,27.21144136,0.36639,0
1558292585838369,1253.00000000,0.36639,0
1558292776558485,1000.00000000,0.36639,0
1558292781608121,3088.55502000,0.36639,0
1558292782305841,1577.05629582,0.36639,0
1558292805523760,13.70000000,0.36690,0
1558292805640787,7139.30000000,0.36695,0
1558292844690120,801.92579000,0.36695,0
1558292845493955,1585.22944000,0.36695,0
1558292862155138,473.54477000,0.36695,0
1558292869268250,21.85599718,0.36632,1
1558292884803619,4000.00000000,0.36788,0
1558292911512885,270.51654974,0.36643,1
1558292963386776,300.05848000,0.36787,0
1558292964116400,700.48510000,0.36787,1
1558292965125867,0.00008154,0.36788,0
1558292991721451,500.00000000,0.36788,0
1558293008328909,3175.19775391,0.36788,0
1558293010265855,257.58399478,0.36788,0
1558293102472758,296.06101797,0.36591,1
1558293102911892,50.00000000,0.36600,0
1558293291294047,416.96710246,0.36627,1
1558293340629280,1189.97511518,0.36605,1
1558293352763200,1090.30900000,0.36700,1
1558293371598689,296.06602000,0.36729,0
1558293371782454,2278.22700000,0.36729,1
1558293372421029,0.00038600,0.36729,1
1558293382924251,18.17100000,0.36700,1
1558293427279996,316.44846076,0.36739,0
1558293432888320,2478.50874704,0.36737,0
1558293433633168,96.32660000,0.36737,1
1558293434146188,0.00005596,0.36738,0
1558293440650353,316.44846076,0.36582,1
1558293466926252,762.10586600,0.36737,0
1558293470791962,3642.71326691,0.36738,0
1558293479691095,1059.65140197,0.36592,1
1558293493377757,105.72648700,0.36738,0
1558293568411840,1289.70003810,0.36738,0
1558293592750895,13.70000000,0.36790,0
1558293593356505,3554.41630000,0.36790,1
1558293594109035,0.00002717,0.36800,0
1558293626312406,59.63628420,0.36660,1
1558293672643779,1318.67958700,0.36800,0
1558293776415223,832.69715404,0.36679,1
1558293851978793,2381.00000000,0.36800,0
1558293888142444,90408.96739130,0.36800,0
1558293923729943,137.47310600,0.36689,1
1558294065233485,158.61647864,0.36686,1
1558294120949830,14848.00000000,0.36800,0
1558294124054457,40124.98100000,0.36800,0
1558294143925229,1690.98346000,0.36800,0
1558294144507853,2756.09109000,0.36800,0
1558294145680009,2280.40688000,0.36800,0
1558294154593465,5039.82490000,0.36800,0
1558294159463790,4114.61000000,0.36800,0
1558294160260603,2531.19342933,0.36800,0
1558294163974282,1524.00000000,0.36800,0
1558294166013443,198.28180000,0.36799,0
1558294166654018,17983.40362000,0.36800,0
1558294167930034,5872.95293000,0.36800,0
1558294168360963,2744.00000000,0.36800,0
1558294168437471,4352.00000000,0.36800,0
1558294168589006,6655.00000000,0.36800,0
1558294171305814,6185.66713000,0.36800,0
1558294171498708,854.00000000,0.36800,0
1558294171835602,3911.78810000,0.36800,0
1558294172256910,2421.00000000,0.36800,0
1558294172521525,8280.36009000,0.36800,0
1558294173259618,2249.07406000,0.36800,0
1558294174018993,6919.70477000,0.36800,0
1558294174643647,534.07608695,0.36800,0
1558294175580413,156.42230000,0.36799,0
1558294175663210,697.57770000,0.36800,0
1558294177977236,3982.00000000,0.36800,0
1558294179284118,2060.00000000,0.36800,0
1558294180060554,3002.00000000,0.36800,0
1558294181002863,16288.00000000,0.36800,0
1558294183347241,8525.65200000,0.36800,0
1558294185665431,9267.56287000,0.36800,0
1558294186247343,272.59069000,0.36800,0
1558294187486777,218382.85000000,0.36800,0
1558294187914625,0.00218825,0.36800,0
1558294196121120,123.39982000,0.36889,0
1558294196202067,1310.41513838,0.36889,0
1558294200511216,10000.00000000,0.36785,1
1558294200732464,1265.97826087,0.36778,1
1558294419026801,27.20000000,0.36662,1
1558294517851818,673.79628400,0.36819,0
1558294520692396,818.90138010,0.36819,0
1558294520767666,535.69814731,0.36819,0
1558294561879473,90.00000000,0.36812,0
1558294578820578,151.61640858,0.36810,0
1558294691584126,1326.36971153,0.36809,0
1558294731084590,100.00000000,0.36699,1
1558294855953736,128.75699766,0.36798,0
1558294864243903,119.59497100,0.36798,0
1558294873264827,1319.13199200,0.36798,0
1558294907124039,3798.90211425,0.36798,0
1558294954945895,1825.73082897,0.36714,1
1558295008939054,8174.26917103,0.36714,1
1558295011981538,13745.35000000,0.36701,1
1558295012946337,30000.00000000,0.36700,1
1558295013964103,7346.91700000,0.36686,1
1558295022327296,2175.00000000,0.36597,1
1558295023635027,197.00000000,0.36597,0
1558295023899667,11265.97820000,0.36597,0
1558295024075900,35.00000000,0.36570,1
1558295024243160,534.07608695,0.36570,1
1558295024390804,6015.14424118,0.36570,0
1558295030530506,27.32464400,0.36777,0
1558295036989275,6392.35983000,0.36637,1
1558295037076839,4107.64017000,0.36636,1
1558295101605582,1215.80309865,0.36638,1
1558295135827210,14134.47381676,0.36718,0
1558295135947957,20733.46400000,0.36718,1
1558295136080821,6444.30120000,0.36718,1
1558295136490697,18687.76098324,0.36718,1
1558295162281674,575.28726242,0.36726,0
1558295177644989,1487.44168641,0.36725,0
1558295177814573,606.63411845,0.36725,1
1558295178053598,2805.92419514,0.36725,1
1558295200198991,678.94420000,0.36597,1
1558295208440081,50.00000000,0.36703,0
1558295211808561,1234.62700000,0.36626,1
1558295212738977,0.00007618,0.36626,1
1558295212819552,0.00007490,0.36597,1
1558295229602210,955.13293439,0.36597,1
1558295231113628,300.00000000,0.36550,1
1558295231314401,2312.86706561,0.36522,0
1558295279811412,300.73417310,0.36483,1
1558295279893275,12329.55893000,0.36480,1
1558295279991352,0.26939690,0.36480,1
1558295280160300,0.00009875,0.36480,1
1558295280248004,547.32510125,0.36467,1
1558295280337237,2340.10737194,0.36467,1
1558295281453252,546.77791481,0.36450,1
1558295282454222,0.51990685,0.36450,1
1558295294816304,20000.00000000,0.36400,1
1558295327604988,660.00000000,0.36483,0
1558295328155385,11848.93148279,0.36484,1
1558295328237865,3844.37171721,0.36483,1
1558295372844414,13685.04498573,0.36456,0
1558295411772333,605.00000000,0.36315,1
1558295479419975,615.93806423,0.36554,0
1558295533739203,199.00960302,0.36550,0
1558295536834635,112.28790000,0.36400,0
1558295541171629,0.00001052,0.36400,0
1558295574269035,1070.14791900,0.36651,0
1558295595940435,501.07671979,0.36488,1
1558295621803855,120.20920386,0.36550,0
1558295876815539,129.29458316,0.36645,0
1558295878811638,20784.51430000,0.36550,1
1558295950961164,1306.77290836,0.36646,0
1558295959390875,0.00006389,0.36550,1
1558295964535334,544.96284965,0.36608,0
1558295964672410,613.96136900,0.36453,1
1558295981369632,10673.16100120,0.36596,0
1558296129633628,67.89956400,0.36543,0
1558296199266816,42.30486550,0.36425,1
1558296200055313,75.99990000,0.36437,0
1558296201099834,0.00009914,0.36428,0
1558296469899807,22.01619130,0.36326,1
1558296556000583,120.36780000,0.36322,1
1558296556204833,120.00000000,0.36306,1
1558296556294029,241.00000000,0.36306,1
1558296557139861,27.46347400,0.36305,0
1558296557372508,120.00000000,0.36300,1
1558296557452765,101.48405605,0.36252,1
1558296558043827,302.50000000,0.36251,0
1558296559271738,363.57360000,0.36243,1
1558296560330651,0.00005560,0.36243,1
1558296562539750,4990.16317352,0.36201,1
1558296583268091,6114.22160169,0.36342,0
1558296583350287,3885.77839831,0.36346,0
1558296584337023,1143.68800000,0.36344,0
1558296585331717,6114.22100000,0.36346,0
1558296592152289,39.11730000,0.36341,1
1558296638830546,0.00005206,0.36341,1
1558296700941044,2602.80707536,0.36408,0
1558296722536394,136.97915236,0.36407,0
1558296750399415,2086.27082214,0.36463,0
1558296798133227,13.80000000,0.36490,0
1558296798475041,259.14354600,0.36490,1
1558296806580415,171.01369863,0.36500,0
1558296831589249,171.01623686,0.36323,1
1558296832404150,18.26446281,0.36300,1
1558296832501252,17.55186372,0.36273,1
1558296864832932,10000.00000000,0.36475,0
1558296864969491,9685.59200000,0.36475,1
1558296995719128,3187.00000000,0.36500,0
1558297004147533,53.54554653,0.36567,0
1558297070671936,1952.21665434,0.36519,0
1558297108327815,908.50084898,0.36514,0
1558297217939116,1494.16425643,0.36544,0
1558297218060307,3914.02800000,0.36544,1
1558297222672990,189.76244000,0.36541,0
1558297222847719,3658.28900000,0.36541,1
1558297222972423,9730.37154400,0.36541,1
1558297258300982,190.99288700,0.36400,1
1558297291550147,24.91211600,0.36400,1
1558297303287811,1365.72336520,0.36503,1
1558297311877450,55.32466767,0.36400,1
1558297453981341,20.77793920,0.36481,0
1558297532642633,10000.00000000,0.36480,0
1558297532754455,18468.98600000,0.36480,0
1558297532932167,0.00020000,0.36480,0
1558297533019128,27276.01304789,0.36481,0
1558297533098040,13.80000000,0.36490,0
1558297533649324,5922.71300000,0.36533,0
1558297534269612,6629.88164124,0.36517,1
1558297534731978,13.70000000,0.36590,0
1558297534952809,1482.67590000,0.36601,1
1558297535712982,8517.32410000,0.36532,0
1558297535904541,5936.41300000,0.36600,0
1558297536650757,8517.32410000,0.36575,1
1558297536963134,4258.66190000,0.36575,0
1558297541421903,23418.40548826,0.36599,0
1558297541502045,1482.67581174,0.36601,0
1558297542129829,0.00008826,0.36601,0
1558297548480530,23418.40548826,0.36685,0
1558297548562601,2257.48621174,0.36685,0
1558297681192720,135.46181700,0.36635,0
1558297769108094,1590.22792412,0.36632,0
1558298053287015,200.01000000,0.36539,0
1558298115947664,48.06744771,0.36532,0
1558298223124907,1000.00000000,0.36496,0
1558298223656650,9000.00000000,0.36496,0
1558298224677862,9000.00000000,0.36494,0
1558298368396044,27.33211249,0.36587,0
1558298432147409,158.65424034,0.36589,0
1558298521300836,244.92354657,0.36410,1
1558298521474942,444.75693895,0.36410,0
1558298558279044,2281.76556716,0.36584,0
1558298568613511,2022.09485900,0.36470,1
1558298568819089,1452.15620000,0.36469,1
1558298569645955,177.70836200,0.36472,1
1558298570582477,4265.28064400,0.36472,1
1558298570979754,132.57423700,0.36473,1
1558300272236567,600.01000000,0.36935,0
1558300368992585,641.58261388,0.36949,0
1558300369103040,641.85067800,0.36949,0
1558300370391303,1100.00000000,0.36968,0
1558300374133869,950.00000000,0.36980,0
1558300375155404,111.01243000,0.36990,0
1558300375240405,117.74402000,0.36990,0
1558300375324144,125.34862000,0.36990,0
1558300375407714,200.02393000,0.36990,0
1558300376140499,0.00107000,0.36990,0
1558300376221703,1000.00000000,0.37000,0
1558300376315657,50.00000000,0.37000,0
1558300376397502,185.00000000,0.37000,0
1558300376487992,20.00000000,0.37000,0
1558300376570365,4066.78852643,0.37000,0
1558300376653515,1545.42328888,0.37000,0
1558300376750289,757.25711469,0.37000,0
1558300376991068,0.00250069,0.37000,0
1558300378096557,13.60000000,0.37019,0
1558300378262990,13.32241691,0.37039,0
1558300478099879,0.17758309,0.37039,0
1558300478210832,2242.82241691,0.37039,0
1558300502362381,2400.00000000,0.37008,0
1558300503477830,0.51634904,0.37039,0
1558300509296167,100.00000000,0.37055,0
1558300510307484,13.50000000,0.37059,0
1558300517158794,31.75990000,0.37072,0
1558300517249386,0.00003870,0.37072,0
1558300517329978,13.50000000,0.37079,0
1558300517414978,13.60000000,0.37090,0
1558300517495083,13.50000000,0.37099,0
1558300517578660,200.00000000,0.37100,0
1558300517667550,727.64006130,0.37100,0
1558300518018646,26.87331536,0.37100,0
1558300524152577,245.48600000,0.37100,0
1558300525152907,0.00062334,0.37100,0
1558300525235077,13.49937666,0.37119,0
1558300526171039,0.00062334,0.37119,0
1558300526257296,9999.99937666,0.37133,0
1558300527188543,0.00062334,0.37133,0
1558300528196124,13.50000000,0.37139,0
1558300536477787,13.50000000,0.37159,0
1558300536612287,804.95000000,0.37159,1
1558300536763652,0.00034598,0.37159,1
1558300540137200,396.03627362,0.37161,0
1558300545226869,198.03019294,0.37161,0
1558300559037787,99.00164150,0.37160,0
1558300564448323,98.98005867,0.37159,0
1558300617820373,1052.31170700,0.37162,0
1558300648940061,1335.48051800,0.37157,0
1558300667701381,42.89870200,0.37051,1
1558300679466011,500.00000000,0.37051,1
1558300734306646,311.52128289,0.37166,0
1558300748819081,200.00000000,0.37050,1
1558300749840195,16943.79600000,0.37044,1
1558300843376498,159.42847917,0.37164,0
1558300864893964,26.88519295,0.37158,0
1558300871418296,13.45460416,0.37162,0
1558301003600619,1000.00000000,0.36957,0
1558301114283012,2000.00000000,0.37000,0
1558301179898149,777.74597700,0.37096,0
1558301332495085,13.98236092,0.37158,0
1558301332607702,2582.01763908,0.37162,0
1558301339809819,4265.37900049,0.37162,0
1558301342131084,13.50000000,0.37179,0
1558301344483440,13.50000000,0.37190,0
1558301346863716,13.50000000,0.37199,0
1558301346956234,1297.75759588,0.37200,0
1558301347058313,100.00000000,0.37200,0
1558301347138565,150.00000000,0.37200,0
1558301347215117,236.52645861,0.37200,0
1558301349124863,13.50000000,0.37219,0
1558301349284243,1000.00000000,0.37221,0
1558301349447992,13.28630917,0.37222,0
1558301351494788,94.71369083,0.37222,0
1558301353794539,31.62758410,0.37227,0
1558301357980648,75.00000000,0.37228,0
1558301360716969,21.20140000,0.37230,0
1558301363278075,13.50000000,0.37239,0
1558301365203911,9000.00000000,0.37250,0
1558301366167717,13.50000000,0.37259,0
1558301367109293,11639.16929395,0.37264,0
1558301367233018,13.50000000,0.37279,0
1558301367373676,13.40000000,0.37289,0
1558301367511351,13.50000000,0.37290,0
1558301367660334,1361.31367292,0.37300,0
1558301367925240,26.72922252,0.37300,0
1558301388008751,1385.00000000,0.37300,0
1558301393288809,1821.00000000,0.37299,0
1558301424782734,2226.95710456,0.37300,0
1558301424858630,1682.50407446,0.37300,0
1558301426134142,15588.35080000,0.37327,0
1558301426258305,2887.43247319,0.37347,0
1558301426395566,100.00000000,0.37350,0
1558301426474371,2944.00110834,0.37350,0
1558301426604435,1617.31954810,0.37361,0
1558301426779255,13.50000000,0.37390,0
1558301426902541,6592.12600000,0.37398,0
1558301427028654,13.40000000,0.37399,0
1558301427184943,3200.00000000,0.37400,0
1558301427388873,66.82000000,0.37410,0
1558301427576396,31.45900000,0.37425,0
1558301427753576,700.27583355,0.37490,1
1558301427831247,26.65775401,0.37400,1
1558301427912089,741.43693681,0.37399,1
1558301427993188,498.99665551,0.37375,1
1558301428463857,932.34909362,0.37390,0
1558301433392354,6333.71540000,0.37188,1
1558301433473341,493.12854526,0.37188,1
1558301443016052,133.68539566,0.37304,0
1558301477466039,50.00293815,0.37022,1
1558301485137252,270.97775000,0.37241,0
1558301491642674,1939.58434026,0.37240,0
1558301592432201,122.61287637,0.37231,1
1558301593311675,700.01000000,0.37234,0
1558301705578434,991.45941881,0.37234,0
1558301707191165,1851.71658119,0.37234,0
1558301787489779,80.00000000,0.37217,1
1558301789033989,19.00138457,0.37304,0
1558301809063081,384.40103957,0.37323,0
1558301824762020,2539.60979793,0.37314,0
1558301885077284,4283.85686000,0.37318,0
1558301885160348,716.14314000,0.37319,0
1558301889043766,1705.63489724,0.37316,0
1558301921043232,1953.92400000,0.37315,1
1558301921173225,0.00073118,0.37315,1
1558302044876267,10000.00000000,0.37318,0
1558302045116591,11386.03354949,0.37318,1
1558302166565083,53.51456934,0.37373,0
1558302284331051,1000.00000000,0.37249,1
1558302284464945,680.00000000,0.37249,0
1558302321932717,45.62859820,0.37345,0
1558302332037657,2807.30500000,0.37345,0
1558302458223409,5157.39189629,0.37316,1
1558302466295830,0.00036047,0.37345,0
1558302466375357,799.99963953,0.37345,0
1558302473262658,0.00036047,0.37345,0
1558302473344452,2852.93263953,0.37378,0
1558302535043463,0.00131913,0.37378,0
1558302615020455,1000.00000000,0.37478,0
1558302655356776,66.00000000,0.37455,0
1558302668982526,4000.00000000,0.37453,0
1558302697471370,12348.09200000,0.37460,0
1558302727437432,0.00088846,0.37460,0
1558302727520604,13.50000000,0.37490,0
1558302727600976,5000.00000000,0.37500,0
1558302727684914,100.00000000,0.37500,0
1558302727765665,1000.00000000,0.37500,0
1558302727854687,2673.00000000,0.37500,0
1558302727940107,6000.00000000,0.37500,0
1558302728040947,100.00000000,0.37500,0
1558302728127659,375.00000011,0.37500,0
1558302728212502,1000.00000000,0.37500,0
1558302728317055,280.52343242,0.37500,0
1558302728409508,6578.34167901,0.37500,0
1558302728676950,26.58666666,0.37500,0
1558302730458277,88.91984938,0.37500,0
1558302730538329,597.81700093,0.37500,0
1558302734146133,2402.18299907,0.37500,0
1558302734259518,148.98438501,0.37500,0
1558302734381616,11626.02950890,0.37500,0
1558302734501964,10573.80310702,0.37500,0
1558302739330015,160.11235955,0.37454,1
1558302745863278,24751.00000000,0.37500,0
1558302746044765,138000.00000000,0.37500,0
1558302746602602,76676.08833868,0.37500,0
1558302746683962,3137.20269791,0.37500,0
1558302749226716,42.78074866,0.37554,0
1558302749306660,66.53201848,0.37576,0
1558302749406901,217.41082604,0.37579,0
1558302749500688,15.97076058,0.37583,0
1558302749593583,13.50000000,0.37590,0
1558302749732415,1000.00000000,0.37591,0
1558302749808748,145.50271666,0.37600,0
1558302750517856,26.51595744,0.37600,1
1558302750596239,63.83684256,0.37570,1
1558302750950108,1000.00000000,0.37621,0
1558302751060953,271.00000000,0.37637,0
1558302751200395,0.82038109,0.37637,0
1558302751385986,97.82698640,0.37656,0
1558302753885944,902.17301360,0.37656,0
1558302754309311,20.71380000,0.37668,0
1558302755107241,979.28620000,0.37668,0
1558302755274025,13.50000000,0.37690,0
1558302755425657,160.66312997,0.37700,0
1558302755748777,26.44562334,0.37700,0
1558302762129895,6230.53935000,0.37544,1
1558302762219106,1746.26065000,0.37533,1
1558302770322881,295.66325176,0.37678,0
1558302773495962,256.42726380,0.37691,0
1558302775282382,869.46812600,0.37527,1
1558302780467048,42.40076416,0.37688,0
1558302806655221,47.00000000,0.37525,1
1558302845845862,12.89124669,0.37700,0
1558302860815253,107.00000000,0.37700,1
1558302863296629,1430.00000000,0.37718,0
1558302865398897,264.49765332,0.37713,0
1558302865990922,1623.22885080,0.37713,0
1558302866143780,100.00000000,0.37770,0
1558302866219872,200.00000000,0.37770,0
1558302866745369,492.27867445,0.37770,1
1558302867122062,200.04327418,0.37770,1
1558302867281667,4634.63879333,0.37790,1
1558302883613186,100.00000000,0.37647,1
1558302890695979,6457.91091831,0.37659,1
1558302911650712,4200.00000000,0.37769,0
1558302926924290,4544.29394000,0.37694,1
1558302930120043,26.44326212,0.37779,1
1558302961311456,44.86066697,0.37663,1
1558302962897242,52.95831749,0.37665,1
1558302977985149,13.40000000,0.37790,0
1558302978109783,84.00000000,0.37791,0
1558302978299874,2328.60000000,0.37791,1
1558302979754574,489.40237400,0.37689,1
1558302982999180,13.25000000,0.37799,0
1558302983112332,2000.00000000,0.37800,0
1558302983229290,19.75000000,0.37800,0
1558302983484438,0.25000000,0.37800,0
1558302985114961,13.25000000,0.37819,0
1558302985234198,12.85573085,0.37839,0
1558302986750307,1491.59478800,0.37696,1
1558302996959261,1492.28142865,0.37838,0
1558302997600243,0.39426915,0.37839,0
1558302997708829,150.00000000,0.37842,0
1558303008896132,60.45454545,0.37858,0
1558303008975926,13.25000000,0.37859,0
1558303011622664,50.00000000,0.37860,0
1558303011717421,25.00000000,0.37860,0
1558303012035201,13.20000000,0.37879,0
1558303013097477,13.40000000,0.37890,0
1558303013174989,473.40000000,0.37890,0
1558303015877603,2750.98594000,0.37890,0
1558303016643955,1916.50044000,0.37890,0
1558303017302335,4859.11362000,0.37890,0
1558303020423023,13.20000000,0.37899,0
1558303022143759,5500.00000000,0.37900,0
1558303022234215,346.00000000,0.37900,0
1558303022323685,1133.28077854,0.37900,0
1558303022410898,19.00138457,0.37900,0
1558303022598351,13.20000000,0.37919,0
1558303022751991,13.20000000,0.37939,0
1558303022912525,431.17259552,0.37950,0
1558303024118347,26.27140974,0.37950,0
1558303025368026,1925.88799620,0.37950,0
1558303025588268,549.27536231,0.37950,0
1558303027359511,67.39263623,0.37950,0
1558303027435330,21.05401845,0.37950,0
1558303029116089,13.20000000,0.37959,0
1558303029286369,13.20000000,0.37979,0
1558303029470687,5620.61100000,0.37980,0
1558303029628143,89.07607917,0.37990,0
1558303029706690,13.30000000,0.37990,0
1558303029854071,13.20000000,0.37999,0
1558303029930948,10000.00000000,0.37999,0
1558303030050741,17716.75970000,0.37999,1
1558303030221522,50.00000000,0.38000,0
1558303030315947,50.00000000,0.38000,0
1558303030402633,50.00000000,0.38000,0
1558303030484176,500.00000000,0.38000,0
1558303030560361,302.00000000,0.38000,0
1558303030638117,100.00000000,0.38000,0
1558303030719490,2474.00686842,0.38000,0
1558303030859312,26.23684210,0.38000,0
1558303031764186,1712.90193422,0.38000,0
1558303031845990,14.00000000,0.38000,0
1558303031934600,200.00000000,0.38000,0
1558303032018537,1000.00000000,0.38000,0
1558303032096758,500.00000000,0.38000,0
1558303032180240,2000.00000000,0.38000,0
1558303032257124,100.00064240,0.38000,0
1558303032340123,170.00000000,0.38000,0
1558303032425987,50.00000000,0.38000,0
1558303032502654,7577.00000000,0.38000,0
1558303032579257,10000.00000000,0.38000,0
1558303032660193,281.25000008,0.38000,0
1558303032743233,123.17905057,0.38000,0
1558303032827726,2094.20608913,0.38000,0
1558303032907939,5000.00000000,0.38000,0
1558303032990383,16244.75757576,0.38000,0
1558303033065192,403.40242414,0.38000,0
1558303033232169,6329.02673000,0.38001,1
1558303033318911,25.00000000,0.38001,0
1558303033538247,13.20000000,0.38019,0
1558303033708930,6785.46402376,0.38039,1
1558303078413695,13.15000000,0.38039,0
1558303078952240,50.00000000,0.38039,1
1558303080099900,1375.23747069,0.38050,0
1558303149774197,152.10674157,0.38000,0
1558303149901539,135.17600000,0.38000,1
1558303151111584,0.00018043,0.38010,0
1558303171605256,500.00000000,0.37896,1
1558303173555415,6338.16236000,0.37900,1
1558303177388504,130.34627400,0.37806,1
1558303188715484,169.00000000,0.37809,1
1558303227407623,13362.45200000,0.37801,1
1558303228437434,50000.00000000,0.37800,1
1558303231642794,161.60815701,0.37857,0
1558303239457181,30.79900000,0.37663,1
1558303242153194,1000.00000000,0.37794,0
1558303250544239,1686.59007888,0.37778,0
1558303262954372,1686.59000000,0.37665,1
1558303266172026,13.18751158,0.37763,0
1558303266497698,0.00013940,0.37663,1
1558303266588318,239.97286060,0.37600,1
1558303266892167,102.67698449,0.37522,1
1558303269369150,1172.60538000,0.37531,1
1558303269582074,8206.84800000,0.37530,1
1558303269668285,6914.02500000,0.37530,1
1558303271124989,26136.00000000,0.37489,1
1558303271278587,5426.81100000,0.37475,0
1558303271440076,4358.38392227,0.37301,0
1558303271521256,7639.61607773,0.37301,0
1558303271665535,5131.95092227,0.37300,1
1558303271913491,400.00000000,0.37521,1
1558303271993512,54.00000000,0.37521,1
1558303281183627,449.00000000,0.37459,1
1558303296016865,1075.34822602,0.37631,0
1558303296981669,200.00000000,0.37465,1
1558303330201579,878.71138000,0.37491,1
1558303330282030,9951.35124635,0.37489,1
1558303346999176,120.36780000,0.37631,0
1558303361667022,81.86824825,0.37768,0
1558303367798846,1000.00000000,0.37630,0
1558303423071365,82.70242000,0.37606,1
1558303423151218,3917.29758000,0.37605,1
1558303442675203,267.11893152,0.37736,0
1558303471226969,100.00000000,0.37650,1
1558303509210668,77.45019920,0.37650,0
1558303515077568,10000.00000000,0.37500,1
1558303515211090,723.97100000,0.37500,0
1558303515408513,0.00029186,0.37500,0
1558303541092426,292.00531208,0.37650,0
1558303543289362,630.54448872,0.37650,0
1558303545137996,2441.00416191,0.37723,1
1558303584297287,100.00000000,0.37715,0
1558303620986047,1000.00000000,0.37557,1
1558303628438491,623.97100000,0.37567,1
1558303635024332,375.65297100,0.37567,1
1558303637539755,0.37602900,0.37567,1
1558303645452589,66.21000000,0.37495,1
1558303650337934,120.64580042,0.37349,1
1558303671388207,21.47328755,0.37296,1
1558303683684657,13794.67926360,0.37434,0
1558303683915796,3915.37359000,0.37435,0
1558303684124903,6083.94714640,0.37436,0
1558303686268508,818.47413037,0.37436,0
1558303777152458,390.99678908,0.37495,1
1558303807120986,34.00000000,0.37476,1
1558303817564266,131.22913800,0.37466,1
1558303849139591,500.00000000,0.37565,1
1558303891814282,1013.09500000,0.37725,0
1558303892909372,0.00043465,0.37725,0
1558303900647618,66.21000000,0.37757,0
1558303903748092,14464.00000000,0.37797,0
1558303904729252,429.35900000,0.37798,0
1558303906319293,3520.00000000,0.37797,1
1558303907249228,3520.00000000,0.37797,0
1558303966735942,30.00000000,0.37688,1
1558303991139659,4667.37350701,0.37843,0
1558304005602601,7917.57170000,0.37839,0
1558304020083201,179.76989453,0.37731,1
1558304029854629,423.58527898,0.37905,0
1558304193001003,43.20660806,0.37675,1
1558304193435959,500.00000000,0.37715,1
1558304324772550,3072.00000000,0.37567,1
